language,family,code,average_edit_distance,sample_mean,sd,z
Amharic,Afro-Asiatic,amha1245,0.5833333333333334,0.7365827032342658,0.02073911372824385,7.389388568337306
Hausa,Afro-Asiatic,haus1257,0.8125,0.8147098090277778,0.012207572185327708,0.18101953396054937
Lebanese_Arabic,Afro-Asiatic,stan1323,0.828125,0.8591515625,0.012117607604257927,2.5604528148854895
Old_Aramaic,Afro-Asiatic,olda1245,0.5,0.5070697115384616,0.02091651478227852,0.3379966314680392
Polci,Afro-Asiatic,polc1243,0.725,0.75102578125,0.008221845631984475,3.165442701667247
Northern_Ojibwa,Algic,nort2961,0.7986607142857143,0.7865829241071428,0.02375179692335077,-0.5085000607553023
Wiyot,Algic,wiyo1248,0.6369047619047619,0.6369047619047619,0.0,0.0
Yurok,Algic,yuro1248,0.6260416666666666,0.6207791666666667,0.008663704928630825,-0.6074191172657598
Wapishana,Arawakan,wapi1253,0.90625,0.890917224702381,0.00605448003131178,-2.532467729404166
Waurá,Arawakan,waur1244,0.75,0.7629613095238095,0.015141628481302162,0.8560049891472978
Wayuu,Arawakan,wayu1243,0.558974358974359,0.5661456196581196,0.006622393682788352,1.0828804549023978
Asu_Tanzania_,Atlantic-Congo,asut1235,0.9519097222222223,0.9090133728250915,0.015077429729938493,-2.845070424168756
Batanga,Atlantic-Congo,bata1285,0.6123907493296038,0.7233234972222056,0.014516960822851066,7.641595871636104
Bemba,Atlantic-Congo,bemb1257,0.7569444444444444,0.7697901041666666,0.014214486993542629,0.903701957591415
Bena_Tanzania_,Atlantic-Congo,bena1262,0.8115384615384615,0.8082633547008546,0.022760734566467464,-0.1438928444089846
Bende,Atlantic-Congo,bend1258,0.875,0.8722211781274282,0.01288687516841599,-0.2156319384067874
Bera,Atlantic-Congo,bera1259,0.6369047619047619,0.663242931547619,0.01572873943310479,1.6745251426457213
Bila,Atlantic-Congo,bila1255,0.7866300366300366,0.8331055975274725,0.01952729967162452,2.3800300952502087
Bukusu,Atlantic-Congo,buku1249,0.8520833333333333,0.8430446428571429,0.03391324223663159,-0.2665239263507292
Bushoong,Atlantic-Congo,bush1247,0.7367424242424242,0.7554544507575758,0.0342159169536765,0.5468807555409084
Chokwe,Atlantic-Congo,chok1245,0.9065934065934066,0.8605182377518316,0.011642379982648877,-3.9575386570652027
Digo,Atlantic-Congo,digo1243,0.8804924242424242,0.8663055905032467,0.01739931324387513,-0.8153674538948557
Ding,Atlantic-Congo,ding1239,0.8354166666666667,0.8206660511363636,0.018105935681478422,-0.8146839682741354
Duala,Atlantic-Congo,dual1243,0.8125,0.8134375248015873,0.010204571944114817,0.0918730160090599
Ekonda_Mongo,Atlantic-Congo,ekon1238,0.775,0.7817878720238095,0.01512285912306997,0.44884845971054255
Fang_EG,Atlantic-Congo,fang1246,0.7890625,0.7923112723214286,0.017526360120669333,0.1853649188457133
Fefe,Atlantic-Congo,fefe1239,0.7495791245791246,0.8087371880293619,0.02486768070925848,2.3789135843380924
Fipa,Atlantic-Congo,fipa1238,0.843915343915344,0.8836259093915344,0.014837670807872228,2.6763341760569146
Ganda,Atlantic-Congo,gand1255,0.7718253968253967,0.7518065972222222,0.07245676955519757,-0.27628611827531474
Giryama,Atlantic-Congo,giry1241,0.7970238095238096,0.8610637046485261,0.014416277283692549,4.442193630470564
Gogo,Atlantic-Congo,gogo1263,0.75,0.8408785714285715,0.02671420719720728,3.401881656367178
Gusii,Atlantic-Congo,gusi1247,1.0,0.9450833333333334,0.023922984594484817,-2.2955608423259632
Haya,Atlantic-Congo,haya1250,0.8210227272727273,0.848494764957265,0.024318540776435207,1.1296745942568314
Ha,Atlantic-Congo,haaa1252,0.9358112373737374,0.9166223507395382,0.011931178764578462,-1.6082976387184416
Hehe,Atlantic-Congo,hehe1240,0.7964015151515151,0.8020783617424242,0.004803913392642741,1.1817129342096853
Herero,Atlantic-Congo,here1253,0.8486394557823129,0.8382928713151927,0.016447535669850157,-0.6290659388011823
Igbo,Atlantic-Congo,nucl1417,0.5208333333333334,0.6146414682539683,0.058991891625227694,1.5901869280034773
Kagulu,Atlantic-Congo,kagu1239,0.9629629629629629,0.9343277777777778,0.012963145816485793,-2.2089688406319206
Kamba,Atlantic-Congo,kamb1297,0.7276785714285714,0.7168541666666667,0.014303824846671134,-0.7567489729450813
Kikuyu,Atlantic-Congo,kiku1240,0.7410714285714286,0.7935472470238095,0.009040226930347506,5.804701459011246
Komo_DRC_,Atlantic-Congo,komo1260,0.8473214285714286,0.7794990699404762,0.0232197941605598,-2.9208854377422786
Kom,Atlantic-Congo,komc1235,0.7142857142857143,0.7274017091211484,0.008288906207208112,1.5823553201782323
Kota,Atlantic-Congo,kota1274,0.8514285714285714,0.8170714285714286,0.056682193273545844,-0.6061364402632897
Kwasio,Atlantic-Congo,kwas1243,0.75,0.7688536931818182,0.005702382357651361,3.306283584530351
Kwere,Atlantic-Congo,kwer1261,0.7083333333333333,0.738953125,0.018590977924269253,1.647024260444884
Lamba,Atlantic-Congo,lamb1271,0.8565228174603174,0.8043464781746031,0.016558389717348777,-3.1510515319643315
Langi,Atlantic-Congo,lang1320,0.685861013986014,0.7107144795308857,0.009509746625878522,2.613472947558767
Lingala,Atlantic-Congo,ling1263,0.7717171717171717,0.7861435255716506,0.020846995672638282,0.6920111694278084
Lozi,Atlantic-Congo,lozi1239,0.8498519024834814,0.8400686147186147,0.010510851005501448,-0.9307797969684912
Luba_Lulua,Atlantic-Congo,luba1249,0.578125,0.5961951264880953,0.014065769582467717,1.284688077829653
Luguru,Atlantic-Congo,lugu1238,0.8077991452991453,0.8245838408119658,0.019064605005847682,0.8804113962850059
Lunda,Atlantic-Congo,lund1266,0.7786044973544973,0.7849380621693122,0.008382062813955048,0.7556093237896375
Luvale,Atlantic-Congo,luva1239,0.7473544973544973,0.805439947089947,0.01635441455866655,3.5516679320489035
Makonde,Atlantic-Congo,mako1251,0.8590909090909091,0.8590909090909091,0.0,0.0
Masaaba,Atlantic-Congo,masa1299,0.8722222222222222,0.7972049059536095,0.041094574150013274,-1.825479830859581
Mbala,Atlantic-Congo,mbal1257,1.0,0.9438284970238096,0.01630755070636303,-3.444508865103386
Mbere,Atlantic-Congo,mber1257,0.8780952380952382,0.8419895238095239,0.02862311734534494,-1.2614179598291124
Mbuun,Atlantic-Congo,mpuo1241,1.0,0.95390625,0.012627236396327223,-3.650343476059967
Meru,Atlantic-Congo,meru1245,0.7198956927575348,0.8084743623750529,0.031151394623234227,2.8434896956893145
Mokpwe,Atlantic-Congo,mokp1239,0.9305555555555556,0.9245491071428571,0.007973214540187354,-0.7533283323086581
Mongo,Atlantic-Congo,mong1338,0.7351325757575757,0.7485094358766233,0.0170751336613614,0.7834117368766212
Myene,Atlantic-Congo,myen1241,0.794608918128655,0.8431479401629073,0.020463229535026335,2.372011805427361
Ngoni,Atlantic-Congo,ngon1269,0.8333333333333334,0.8333333333333334,0.0,0.0
Ngulu,Atlantic-Congo,ngul1246,0.775,0.7787291666666667,0.01883518123742618,0.19798942307264264
Njebi,Atlantic-Congo,njeb1242,1.0,0.8485142857142857,0.10337918271433565,-1.4653406063802024
Nsong,Atlantic-Congo,song1299,0.9356060606060606,0.9334798768939394,0.010489949626303785,-0.20268769516201393
Nyakyusa,Atlantic-Congo,nyak1260,0.7303113553113553,0.727787851037851,0.03022173219673495,-0.08349965703742354
Nyoro,Atlantic-Congo,nyor1246,0.8104166666666667,0.7858037326388889,0.024060364294325273,-1.0229659753565248
Phende,Atlantic-Congo,phen1239,0.8500000000000001,0.8540577380952381,0.006288825269835512,0.6452298992470099
Pinji,Atlantic-Congo,pinj1243,0.5,0.5765333333333333,0.06375799578461445,1.2003723202322136
Punu,Atlantic-Congo,punu1239,0.5,0.648875,0.05747967717627065,2.5900458616608253
Rundi,Atlantic-Congo,rund1242,0.6784722222222223,0.8062002683080808,0.02521948694000941,5.064656802483345
Sakata,Atlantic-Congo,saka1287,1.0,0.9830833333333333,0.01601929239510756,-1.0560183464678625
Sangu_Tanzania_,Atlantic-Congo,sang1330,0.7777777777777778,0.8009828703703704,0.024133383631082018,0.9615349818873379
San_Salvador_Kongo,Atlantic-Congo,sans1272,0.7807017543859649,0.7680740553306342,0.009055764681651608,-1.3944376316355
Shi,Atlantic-Congo,shii1238,0.7922979797979798,0.7683380230880231,0.010521906586012488,-2.2771497270093914
Soga,Atlantic-Congo,soga1242,0.7414835164835165,0.7530510159111722,0.010167088776955928,1.1377395910886332
Suku,Atlantic-Congo,suku1259,0.9290584415584415,0.9085839636925575,0.012080418959519392,-1.6948483272386967
Suundi,Atlantic-Congo,suun1239,1.0,0.9166279761904762,0.041795723500100926,-1.9947501042618028
Taabwa,Atlantic-Congo,shil1264,0.8645833333333334,0.8632113095238095,0.008202604460565532,-0.1672668499523433
Tetela,Atlantic-Congo,tete1250,0.826530612244898,0.8273551587301587,0.004528611198556637,0.18207491195613298
Tiv,Atlantic-Congo,tivv1240,0.75,0.7608203125,0.031361498615459595,0.34501898753863075
Tonga_Nyasa_,Atlantic-Congo,tong1321,0.9,0.8864552083333334,0.005579258334785603,-2.427704697274456
Tooro,Atlantic-Congo,toor1238,0.471031746031746,0.6529421254960317,0.03788757371301071,4.8013203706896945
Tsonga,Atlantic-Congo,tson1249,0.8896708683473389,0.818902599789916,0.017915807622200533,-3.9500462412718576
Tswana,Atlantic-Congo,tswa1253,0.7127130681818182,0.8206781672754329,0.018031665651573756,5.987527784721969
Umbundu,Atlantic-Congo,umbu1257,0.8571428571428572,0.841796875,0.00808805907669845,-1.8973627661880834
Venda,Atlantic-Congo,vend1245,0.8035714285714286,0.7981674107142858,0.004452964852752021,-1.2135774783407618
Yaka_CAR_,Atlantic-Congo,yaka1272,0.8714285714285714,0.8514805208680208,0.016075385789159746,-1.2409064903439109
Yaka_Pelende_Lonzo,Atlantic-Congo,yaka1269,0.8825757575757576,0.8881750541125542,0.01626375136205378,0.3442807512331218
Yansi,Atlantic-Congo,yans1239,0.8181818181818181,0.8030151515151515,0.03846648465601778,-0.3942826281708057
Yombe,Atlantic-Congo,yomb1244,0.3611111111111111,0.5977027777777778,0.04669776677918232,5.066444992657301
Zigula,Atlantic-Congo,zigu1242,0.6666666666666666,0.6390833333333333,0.013363173565477391,-2.0641304401367995
Birhor,Austroasiatic,birh1242,0.8,0.8520625,0.045354402935278676,1.147903987939027
Bit,Austroasiatic,bitt1240,0.6923076923076923,0.7002131446678321,0.0066357348446729894,1.1913454267218275
O_du,Austroasiatic,oduu1239,0.8888888888888888,0.8415786892361111,0.015521502995229319,-3.048042426517519
Prai,Austroasiatic,phai1238,0.9,0.9012641025641026,0.0026318977015874117,0.4803007971549016
'Are'are,Austronesian,area1240,0.6190476190476191,0.6409173859126984,0.0054941562833718685,3.9805505590127592
Aklanon,Austronesian,akla1241,0.8819444444444444,0.8915080295138889,0.0053213979124686825,1.7971941258209225
Alangan,Austronesian,alan1249,0.8333333333333334,0.8354221726190476,0.007120714327585725,0.2933468735885181
Ampibabo_Lauje,Austronesian,ampi1237,0.8387096774193548,0.842549803187404,0.0018115047678648158,2.1198540772131347
Anejom,Austronesian,anei1239,0.7375,0.77761015625,0.017082638917034817,2.348007028937552
Aniwa,Austronesian,aniw1237,0.7968975468975469,0.8023746993746993,0.017828430970750375,0.3072144983559306
Anuta,Austronesian,anut1237,0.6513049450549451,0.6479800366300367,0.02783110787401216,-0.11946733992623772
Araki,Austronesian,arak1252,0.9067460317460317,0.8706465277777777,0.026850487583319226,-1.3444636286858607
Arosi,Austronesian,aros1241,1.0,0.9644620535714286,0.013627928428200303,-2.607729165573888
Atchin,Austronesian,atch1238,0.6904761904761905,0.7828986721611721,0.023652192300259892,3.907565121731491
Atoni_(Uab_Meto),Austronesian,uabm1237,0.6121568627450981,0.6479553921568627,0.025952180121371873,1.3794035508517533
Avava_(Bangasa_Dialect),Austronesian,katb1237,0.8052884615384616,0.8471195585664336,0.025664149568799012,1.6299428475443378
Avava_(Niviar_Dialect),Austronesian,katb1237b,0.59375,0.7614973958333333,0.04634637607962643,3.6194285297545408
Ayiwo,Austronesian,ayiw1239,0.7760416666666666,0.73084375,0.022822377651891892,-1.9804210304494665
Bacanese_Malay_(Bacan),Austronesian,baca1243,0.7925925925925925,0.7861734788359788,0.015322065348184614,-0.4189457237482867
Balinese,Austronesian,bali1278,0.75,0.7685581845238095,0.013147773439825825,1.4115077818115627
Banjar,Austronesian,banj1239,0.7391304347826086,0.7536811917701863,0.002634338187166995,5.523496208064985
Bannoni,Austronesian,bann1247,0.7142857142857143,0.6632946428571429,0.008155424362549641,-6.25241178898384
Barabet_(Hano),Austronesian,hano1246a,0.6506410256410257,0.6514379006410257,0.008102283633746658,0.0983519012690425
Bario_Kelabit,Austronesian,bari1288,0.7142857142857143,0.6628660714285715,0.008278951494547713,-6.210888285914755
Barok_(Karu),Austronesian,baro1253,0.8,0.78405,0.010402197157605993,-1.5333299069742707
Batak_Toba,Austronesian,bata1289,0.7236842105263158,0.7397527823464912,0.015002962520257103,1.0710265921466848
Big_Nambas,Austronesian,bign1238,0.8152218152218152,0.8201798941798942,0.018211630137139417,0.2722479492908134
Bilibil,Austronesian,bilb1241,0.7777777777777778,0.761464626736111,0.014212748070693578,-1.147783029750887
Binukid_(Talaandig-Binukid),Austronesian,binu1244,0.9130952380952381,0.9012227932224026,0.003707325597117958,-3.2024284249716253
Boano_(Sulawesi),Austronesian,boan1243,0.7142857142857143,0.7166452922077923,0.0009766599932524902,2.4159665987956194
Bontok,Austronesian,bont1247,0.9090909090909092,0.8943425802139038,0.004421638358118063,-3.3354896268094096
Brunei-Sabah_Malay_(Malay),Austronesian,saba1263,0.8263888888888888,0.8160974872076023,0.002191680880610979,-4.695666131110087
Buhid,Austronesian,buhi1245,0.8444444444444444,0.8342867063492063,0.007807029629764599,-1.3011015170880558
Bukat,Austronesian,buka1261,0.75,0.75,0.0,0.0
Buli,Austronesian,buli1256,0.7909090909090909,0.7826232007575757,0.011735618285203111,-0.7060463241176173
Bungku,Austronesian,bung1269,0.875,0.86061328125,0.004860196152263241,-2.9601107237823165
Butmas-Tur,Austronesian,butm1237,0.8333333333333334,0.8508854166666667,0.02973027058092819,0.5903775172699882
Casiguran_Dumagat_Agta,Austronesian,casi1235,0.7857142857142857,0.7502444196428572,0.010040925593111727,-3.5325295205614884
Cebuano,Austronesian,cebu1242,0.875,0.8793213808760684,0.0034429933856353237,1.2551232000903076
Central_Cagayan_Agta,Austronesian,cent2084,0.75,0.7770188244047619,0.0132921848844502,2.032684967869333
Central_Melanau,Austronesian,cent2101,0.9166666666666667,0.9029304789624183,0.007059789389270255,-1.9456936952149373
Central_Sama,Austronesian,cent2092,0.8,0.8209375,0.0065997736228589005,3.1724572987596207
Central_Tagbanwa,Austronesian,cent2090,0.9166666666666667,0.905078869047619,0.007773274175279942,-1.49072287401086
Chamarro,Austronesian,cham1312,0.8,0.820203125,0.01901708705095823,1.0623669621884597
Colloquial_Malay,Austronesian,mala1479,0.6794871794871795,0.6874969951923077,0.0019043849885910528,4.2059855297715645
Daakie,Austronesian,port1286,0.9166666666666666,0.9135422705314009,0.059813180682538936,-0.05223591354970045
Dakaka,Austronesian,daka1243,0.9318181818181819,0.882356142305407,0.01968976929133433,-2.5120680075486503
Dampelas,Austronesian,damp1237,0.7727272727272727,0.7889486742424242,0.0033697773662595553,4.813790275159103
Dobu,Austronesian,dobu1241,0.39999999999999997,0.46436666666666665,0.022551094989347008,2.8542590369590957
Dondo,Austronesian,dond1249,0.7185421286031042,0.7339502840909091,0.0030382002079504676,5.071474699884605
East_Futuna,Austronesian,east2447,0.5824540043290043,0.5836963778409091,0.014926319497365297,0.08323374775168864
Ellice,Austronesian,tuva1244,0.6418269230769231,0.666443307864011,0.00723094650859947,3.404310176795329
Emau_(Emao_Island),Austronesian,emau1237,0.9222222222222223,0.94931875,0.011026823744980227,2.4573284569015574
Fijian,Austronesian,fiji1243,0.8255208333333334,0.7630900111607143,0.019388527269561442,-3.219987846659755
Fordata,Austronesian,ford1242,1.0,0.9707552380952381,0.05756750433949584,-0.508008159122119
Fortsenal_(Kiai),Austronesian,fort1240,0.8571428571428571,0.7708363095238095,0.040072864837362,-2.1537403918918097
Futuna-Aniwa,Austronesian,futu1245,0.7355769230769231,0.7701057692307692,0.014585239833216392,2.367382816373728
Ga'dang,Austronesian,gada1258,0.8920454545454546,0.9033423295454546,0.004700151844873191,2.4035127742356526
Gane_(Gimán),Austronesian,gane1237,0.763296568627451,0.7657376914828431,0.011209781820848903,0.21776720496485497
Gela,Austronesian,gela1263,1.0,0.974625,0.018261808505728557,-1.389511887173723
Hanunoo,Austronesian,hanu1241,0.9,0.8859496527777778,0.0051810911091614426,-2.711851022534179
Hawaiians,Austronesian,hawa1245,0.47828282828282825,0.48991650883838384,0.011954937552639617,0.9731276725060681
Hiligaynon,Austronesian,hili1240,0.8125,0.84655078125,0.006624275354203224,5.1403028149175904
Ibaloi_(Nabaloi),Austronesian,ibal1244,0.8181818181818181,0.81,0.003252699370321432,-2.5153932934815124
Ibanag,Austronesian,iban1267,0.75,0.7625729166666667,0.010713087726874331,1.1736034453565525
Iban,Austronesian,iban1264,0.9444444444444444,0.9286374007936508,0.006291908170659709,-2.512281365533071
Ida'an,Austronesian,idaa1241,0.6333333333333333,0.6724447916666666,0.007498669775885774,5.215786199721441
Ifaluk_Nuclear_Woleaian_,Austronesian,nucl1479,0.7928571428571429,0.7928107142857143,0.008953975727820342,-0.005185246513949561
Ili'uun,Austronesian,iliu1237,0.6414141414141414,0.62416980466429,0.010758512777567205,-1.6028550698762012
Ilokano,Austronesian,ilok1237,0.7669683257918551,0.7699738404977375,0.001711279219778975,1.7562970853292899
Indonesian_Bajau,Austronesian,indo1317,0.819047619047619,0.8409040922619048,0.007000873004637045,3.121963960753045
Indonesian,Austronesian,indo1316,1.0,0.97454375,0.011178365457068924,-2.2772783818677222
Iraya,Austronesian,iray1237,0.9,0.8882002976190476,0.0044380254606467655,-2.658773025432982
Isnag,Austronesian,isna1241,0.875,0.8745538250811689,0.0048675882838852425,-0.0916624194178997
Itbayat,Austronesian,ivat1242,0.775,0.7856010416666667,0.004883363704151259,2.1708482736305084
Javanese,Austronesian,java1254,0.8686494883040936,0.8504976036499758,0.00392991624071144,-4.618898608086288
Kalinga_(Ahin-Kayapa_Kalanguya),Austronesian,ahin1234,0.7,0.72303125,0.0064842096405161205,3.551897806648776
Kambera,Austronesian,kamb1299,0.7573457792207793,0.8049367086038961,0.017830389323907243,2.669090871689841
Kankanaey_(Kankanai),Austronesian,kank1243,0.8333333333333334,0.8322447916666667,0.005984234792968674,-0.18190156374641742
Kapingamarangi,Austronesian,kapi1249,0.5,0.5,0.0,0.0
Kapingamarangi,Austronesian,kapi1249a,0.8206845238095238,0.8246830357142857,0.015980096790432923,0.25021825319329205
Kei,Austronesian,keii1239,1.0,1.0,0.0,0.0
Kiput,Austronesian,kipu1237,0.75,0.788453125,0.0071762809849112924,5.358363904764984
Kuanua,Austronesian,kuan1248,0.4880952380952381,0.4897004464285714,0.011141496625441711,0.14407474931759365
Kulisusu,Austronesian,kuli1254,1.0,0.9654583333333333,0.007458338109989257,-4.631281950117497
Kwamera,Austronesian,kwam1252,0.8481060606060606,0.8561397253787879,0.010016549751691022,0.8020391224404393
Larevat,Austronesian,lare1249,0.6428571428571428,0.8542234126984127,0.04875057238602753,4.335667449554909
Lauje,Austronesian,lauj1238,0.8142857142857143,0.8217720982142858,0.0020918238935083797,3.5788786770264
Lau_Fijian,Austronesian,laua1243,0.9366071428571429,0.9089275297619047,0.010813906595045141,-2.5596312352023416
Lelepa,Austronesian,lele1267,0.7173056722689075,0.7174243369222689,0.0037108739620238403,0.031977548840460654
Lo-Toga_(Loh),Austronesian,loto1240,0.89375,0.8920883928571428,0.011405106680517321,-0.1456897501621499
Luangiua_(Ontong_Java),Austronesian,onto1237,0.8206845238095238,0.8227803199404762,0.01684202540343628,0.12443848532164888
Luburua_(Kara),Austronesian,lubu1242,0.41428571428571426,0.5562675420168067,0.05081709852657214,2.793977457348347
Ma'anyan,Austronesian,maan1238,0.75,0.734908428030303,0.011100353896886411,-1.3595577321124976
Maba_(Indonesia),Austronesian,maba1278,0.5851393188854489,0.6124551083591331,0.014095212789524976,1.937948002742054
Madak_(Konnos),Austronesian,mada1284,0.8710902124695228,0.7804827412051549,0.05448506616589876,-1.6629780899683935
Madurese,Austronesian,nucl1460,1.0,0.9337049107142857,0.011640374130670662,-5.695271349658472
Mafea_(Mavea),Austronesian,mafe1237,0.6556213017751479,0.6759431107354185,0.011787553032487758,1.7240057291162552
Maguindanao_(Magindonao_Moro),Austronesian,magu1243,0.9791666666666667,0.940375,0.009507524330073654,-4.080101750985081
Malua_Bay,Austronesian,malu1245,0.65,0.8265004058441558,0.05069623223975858,3.4815290613596166
Mangarevans,Austronesian,mang1401,0.753968253968254,0.7572321428571428,0.016553146686896898,0.19717634058498773
Mangei_(Sobjo),Austronesian,mang1407,0.7916666666666666,0.7923541666666667,0.028145140251082182,0.02442695235720592
Maori,Austronesian,maor1246,0.8548387096774194,0.8561633064516129,0.002764178879364508,0.4792008158668902
Maranao_(Lanao_Moro),Austronesian,mara1404,0.9791666666666667,0.9280052083333333,0.010882689939476865,-4.701177614896999
Maskelynes,Austronesian,mask1242,0.3,0.45535,0.09744677200078704,1.5942036540599342
Matukar,Austronesian,matu1261,1.0,0.9736549479166666,0.010076400357293194,-2.614530104916395
Mele-Fila_(Ifira-Mele),Austronesian,mele1250,0.7916666666666667,0.7856416666666667,0.004050256987525398,-1.4875599297913136
Merlav,Austronesian,merl1237,0.875,0.9049375,0.015115763255581862,1.9805483516649285
Miningir_(Lunga),Austronesian,mini1251,0.5,0.5250119047619047,0.00986675305297022,2.5349681529097685
Mori_Bawah,Austronesian,mori1268,0.9166666666666667,0.8777229166666667,0.011588314125330004,-3.36060531142109
Moronene,Austronesian,moro1287,0.0,0.11920833333333333,0.019157171125687426,6.222648038753985
Mortlockese,Austronesian,mort1237,0.4097222222222222,0.49423983373397434,0.015657511619320615,5.397895500039832
Mota,Austronesian,mota1237,0.5714285714285714,0.7551125,0.050253532091900116,3.655144642082478
Mouk,Austronesian,mouk1240,0.8212962962962963,0.8439567129629629,0.028931363102589997,0.7832474600769163
Muduapa_(Vitu),Austronesian,mudu1242,0.75,0.7409654761904761,0.025226026312489425,-0.35814296304966803
Muna,Austronesian,muna1247,0.8035714285714286,0.8087455171130952,0.003450173712948323,1.4996602989143648
Munggava_(Rennell),Austronesian,mung1271,0.8198757763975155,0.7458437350014117,0.02894368007004063,-2.557796424537384
Mwotlap,Austronesian,motl1237,0.76745337995338,0.7682519012237763,0.010964903740560797,0.07282519658083357
Nakanai,Austronesian,naka1262,0.6691125388722643,0.668170520374934,0.003847979161067807,-0.24480862756775534
Nalik_(Lukuramau),Austronesian,nali1244,0.7549382716049383,0.8259479497354497,0.020591190643534093,3.4485464857181234
Nalik_(Madina),Austronesian,nali1244b,0.7840455840455841,0.728454621998372,0.0250653511924861,-2.217840939881855
Namakura,Austronesian,nama1268,0.6943395146520146,0.7182718993246336,0.005864614972446932,4.080810894672183
Naman,Austronesian,litz1237,0.6428571428571428,0.8568399801587302,0.0471290341630807,4.540361182899317
Nehan,Austronesian,neha1247,0.8933823529411765,0.8704447749554367,0.022601612035259153,-1.0148646897379063
Nengone,Austronesian,neng1238,0.7948717948717948,0.7824461137820513,0.024300908002379013,-0.5113257944323341
Nese,Austronesian,nese1235,0.6923076923076923,0.8399807692307693,0.06069599270262724,2.4329954968622647
Neve'ei,Austronesian,vinm1237,0.8011904761904762,0.8473662037037037,0.029598374694460406,1.5600764565585996
Neverver,Austronesian,ling1265,0.842948717948718,0.8594708867521368,0.01342344731832213,1.230843941322521
Nguna,Austronesian,ngun1274,0.6517857142857143,0.8750610119047619,0.041100510487498076,5.432421519118682
Niueans,Austronesian,niue1239,0.6079545454545454,0.6265239583333333,0.005159548075868945,3.59903863782886
North_Ambrym,Austronesian,nort2839,0.5654761904761905,0.6329434523809524,0.06751165173794169,0.9993424863406978
North_Marquesan,Austronesian,nort2845,0.5379004329004329,0.5273211471861472,0.043620905503762866,-0.2425278795134842
North_Tanna,Austronesian,nort2847,1.0,0.9405339285714286,0.02251188541068504,-2.6415411389908035
Numbami,Austronesian,numb1247,0.8025917658730158,0.833546589781746,0.013434196984249034,2.3041811836630983
Olal,Austronesian,olal1237,0.6666666666666666,0.6288715277777778,0.014937127623852247,-2.530281580277587
Paici,Austronesian,paic1239,0.8766025641025641,0.9239881196380374,0.013388926795994533,3.5391601027835398
Paiwan,Austronesian,paiw1248,0.375,0.375,0.0,0.0
Palauan,Austronesian,pala1344,0.8676470588235294,0.8616131907308378,0.007179957693814105,-0.8403765523423858
Paluai,Austronesian,balu1257,0.8375,0.8513953125,0.014087377113573475,0.9863661906666473
Pampanga_(Kampampangan),Austronesian,pamp1243,0.8,0.8131519607843137,0.0021712750761286397,6.057252224238439
Pangasinan,Austronesian,pang1290,0.6111111111111112,0.627340625,0.0035306424336717557,4.596759426587033
Patani,Austronesian,pata1260,0.8597222222222223,0.8624978061868687,0.009957022135758144,0.2787564320740612
Pendau,Austronesian,pend1242,0.8049242424242424,0.8142807765151515,0.0029081608837963524,3.2173371641994373
Pohnpeian,Austronesian,pohn1238,0.8666666666666667,0.8846333333333334,0.025081426730864893,0.7163335188008715
Pohnpeian,Austronesian,pohn1238a,0.8,0.8526795454545455,0.011864792853922534,4.4399886372335144
Port_Sandwich,Austronesian,port1285,0.6727272727272727,0.7614665334665335,0.04570875932116793,1.94140602495341
Pukapuka,Austronesian,puka1242,0.6685897435897435,0.6634121583740333,0.005263345255629762,-0.9837061724522403
Puluwatese_(Puluwat),Austronesian,pulu1242,0.76875,0.7659515625,0.055109073270506716,-0.05077997748689692
Raga_(Hano),Austronesian,hano1246,0.6296296296296297,0.8125182098765432,0.053137020945522896,3.4418297637425797
Raga_(Hano_Thomas_Ennever),Austronesian,hano1246b,0.7357142857142858,0.8237794642857142,0.04158051716080701,2.117943320205671
Rarotongan_(Cook_Islands_Maori),Austronesian,raro1241,0.775,0.78751875,0.016352843833380756,0.7655396289204286
Ratagnon,Austronesian,rata1245,0.7916666666666667,0.8104675551470588,0.004339569299487804,4.332431903463583
Rejang_(Rejangese),Austronesian,reja1240,0.8888888888888888,0.8535795454545454,0.020564575229230622,-1.71699843253531
Rennell_Islanders,Austronesian,renn1242,0.5784493284493284,0.5415053418803418,0.022391535637202396,-1.6499085711480195
Rotinese_Termanu_,Austronesian,term1237,0.7146464646464646,0.7273899350649351,0.018703445152429082,0.6813434805520533
Rotumans,Austronesian,rotu1241,0.8202380952380952,0.8253817980196887,0.020891478018839678,0.24621057337135058
Roviana,Austronesian,rovi1238,0.4722222222222222,0.5328332749766573,0.02093561874963403,2.895116379375921
Saaroa,Austronesian,saar1237,0.7662337662337663,0.7655874896758943,0.004465955693192569,-0.1447118158509919
Samoan,Austronesian,samo1305,0.8321097883597883,0.8318986193783069,0.013600998962950668,-0.015525990558242306
Samoan,Austronesian,samo1305a,0.8723214285714286,0.8726375,0.005716076007891197,0.05529517594500647
Sawai,Austronesian,sawa1247,0.9045454545454545,0.9051473776223776,0.004655735306860725,0.1292863612834873
Sa_a,Austronesian,saaa1240,0.775,0.85046875,0.01606685675773496,4.697169529669676
Seke_(Ske),Austronesian,seke1241,0.75625,0.7676558238636364,0.023560352072132102,0.4841109262169123
Senbarei,Austronesian,unua1237,0.35714285714285715,0.4905145833333333,0.031037466155778355,4.297120310049726
Sie_(Sye),Austronesian,siee1239,0.817283950617284,0.7979222342472343,0.014812926098289965,-1.3070824927888383
Sikaiana,Austronesian,sika1261,0.6833333333333333,0.6888864583333334,0.021715940791769178,0.2557165288507696
Sonsorol,Austronesian,sons1242,0.6770833333333333,0.6884994791666667,0.00492877305394276,2.3162246888606632
Southeast_Ambrym,Austronesian,sout2859,0.853125,0.808584375,0.03106054400864323,-1.4339937184488998
Southwest_Tanna,Austronesian,sout2869,0.85,0.857196875,0.014769395361226238,0.48728298105512063
South_Tuvaluan_(Vaitupu),Austronesian,sout2865,0.6217756667884545,0.611890657159603,0.011122641706737074,-0.8887285853021856
Sula_Mangoli,Austronesian,mang1408,0.578125,0.6295826517232768,0.021209857464787416,2.4261196384137285
Sundanese,Austronesian,sund1252,0.848989898989899,0.8516666756854256,0.004585449677217237,0.5837544589849547
Sungagage,Austronesian,mari1426i,0.7619047619047619,0.8034720982142857,0.049847207499358996,0.8338949841885994
Sungwadaga,Austronesian,mari1426b,0.790625,0.7651515625,0.02373429745394084,-1.073275396056451
Sungwadia,Austronesian,mari1426a,0.8861607142857143,0.8500763392857142,0.013199661904414642,-2.733734792701895
Sungwaloge_(Nalemba_Edward),Austronesian,mari1426g,0.8385416666666666,0.8591675037202381,0.015503308280214609,1.3304152043402404
Sungwaloge_(Nalemba_Simeone_Tari),Austronesian,mari1426f,0.8809523809523809,0.8928482142857143,0.014320351613733077,0.8306942213573402
Sungwaloge_(Navenvene),Austronesian,mari1426d,0.75,0.7815729166666666,0.037562219855389684,0.8405498074453212
Sungwaloge_(Tauta),Austronesian,mari1426e,0.7880952380952381,0.8328738095238095,0.018345907667829616,2.440793458646514
Sungwaloge_(Tawet),Austronesian,mari1426c,0.8803030303030303,0.9130796401515151,0.015309393085308062,2.140947695695365
Sunwadia,Austronesian,mari1426,1.0,0.9745833333333334,0.027586302028636777,-0.9213509893526911
Tadyawan,Austronesian,tady1237,0.75,0.7437414434523809,0.011309874952869793,-0.5533709765757425
Tagalog,Austronesian,taga1270,0.9166666666666667,0.8866608938834154,0.006491534868387757,-4.622292476525447
Tahitians,Austronesian,tahi1242,0.45416666666666666,0.4886270833333333,0.01712074838923088,2.0127868176803885
Tajio,Austronesian,taji1246,0.8138888888888889,0.8203208333333333,0.0026163419366337886,2.4583730262412855
Takia,Austronesian,taki1248,0.784375,0.819165625,0.018388556977086985,1.8919714604767919
Takuu,Austronesian,taku1257,0.8854166666666667,0.8809541666666667,0.004369159908759187,-1.0213633955245545
Talise_(Tolo),Austronesian,tali1259,0.7130681818181819,0.7122538555194805,0.00455688282003989,-0.17870248827119167
Tanala,Austronesian,tana1285,0.6296274038461539,0.6446460236378205,0.01342574223569708,1.1186435377654074
Tanampedagi_Taje,Austronesian,taje1237b,0.8049242424242424,0.8142452651515152,0.0029230889932854547,3.188757765734746
Tasiko,Austronesian,tasi1237,0.7443181818181819,0.7885724476911977,0.02725430933019675,1.6237529756068256
Taumako,Austronesian,taum1237,0.7740665584415585,0.7554152529761905,0.021734978992118795,-0.858123924211338
Tausug_(Sulu_Moro),Austronesian,taus1251,0.7916666666666666,0.7868351362179486,0.008165129573206305,-0.5917273455858608
Tausug,Austronesian,taus1251a,0.7083333333333333,0.72765625,0.0038465770058073766,5.023405650658738
Tetum_(Tetun),Austronesian,tetu1245,0.8821256038647343,0.8423229375696767,0.031928153774033775,-1.2466322536766254
Thao,Austronesian,thao1240,0.8888888888888888,0.8888888888888888,0.0,0.0
Tialo_(Tomini),Austronesian,tomi1243,0.772875816993464,0.7768897263071896,0.006868029980561616,0.5844338660556277
Tikopia,Austronesian,tiko1237,0.653061224489796,0.6538209183673469,0.024294327643644205,0.031270421997032505
Tikopia,Austronesian,tiko1237a,0.7971769957983192,0.7744475704060033,0.012506545092882022,-1.8174024259707149
Tiri-Mea_(Grand_Couli),Austronesian,tiri1258,0.8,0.8085652292317894,0.011881663810229023,0.7208779316256614
Tokelau,Austronesian,toke1240,0.47579365079365077,0.5587976757369614,0.018008941299270713,4.609045227254526
Tokelau,Austronesian,toke1240a,0.7381993653344585,0.7333429991269083,0.024063269463052116,-0.2018165575965041
Tolaki,Austronesian,tola1247,0.8333333333333334,0.8289062500000001,0.005220050633482027,-0.8480920290193095
Tombulu,Austronesian,tomb1243,0.796875,0.8026560132575757,0.006101454608864858,0.9474811546047486
Tongan,Austronesian,tong1325,0.8081912878787879,0.7965048216540405,0.013216721400652718,-0.8842182467559847
Tonsea,Austronesian,tons1240,0.9166666666666667,0.9139275568181818,0.005545201655308338,-0.49396036767442036
Toqabaqita,Austronesian,toab1237,0.7777777777777778,0.7650654761904763,0.0019844755163639324,-6.405874742457753
Totoli,Austronesian,toto1304,0.7207792207792207,0.7468158738001129,0.0044777541711770105,5.814667805679978
Ulawa,Austronesian,ulaw1237,0.8375,0.824390625,0.0327909274442952,-0.3997866489830156
Uma_Juman_(Kayan),Austronesian,umaj1240,0.8235294117647058,0.8341904012452162,0.0021522421576249838,4.9534340003240125
Uripiv-Wala-Rano-Atchin,Austronesian,urip1239,0.2625,0.49833169642857145,0.04746693649053752,4.968336148585958
Vaekau-Taumako,Austronesian,pile1238,0.865985576923077,0.8529738152472528,0.007335324675220919,-1.7738494547867178
Watut,Austronesian,watu1246,0.5666666666666667,0.5724660984848484,0.01613047189697097,0.35953268169859315
Wawonii,Austronesian,wawo1239,0.75,0.7754791666666667,0.011061851203666232,2.303336593265886
Weda,Austronesian,weda1240,0.8285353535353536,0.8232130247790405,0.006968165989907232,-0.7638062531836971
Western_Bukidnon_Manobo,Austronesian,west2555,0.9583333333333334,0.9569861111111111,0.00708164435168563,-0.19024144045042318
Western_Tawbuid_(Batangan),Austronesian,west2559,0.8545454545454545,0.8554765625,0.007750267949735806,0.12013880817853274
West_Coast_Bajau,Austronesian,west2560,0.875,0.8240989583333334,0.011190753023023945,-4.5484912017933405
West_Futuna,Austronesian,west2515,0.849578373015873,0.8295337921626984,0.012475379889593843,-1.6067311000200095
Whitesands,Austronesian,whit1269,0.9641148325358851,0.917416985645933,0.020066475322418308,-2.3271574175152336
Wuvulu_Aua,Austronesian,wuvu1239,0.8125,0.8119765625,0.01477799805890408,-0.03542005472686896
Xalangi_(Maevo_Vanuatu),Austronesian,mari1426h,0.6517857142857143,0.7341346726190476,0.022581940864575777,3.6466731901912777
Yabem,Austronesian,yabe1254,0.7493235930735931,0.7785628449675325,0.009558997773378694,3.0588198247486957
Yakan,Austronesian,yaka1277,0.9223684210526316,0.8999357363772883,0.006896151640909916,-3.2529279870045644
Yami_Tao_,Austronesian,yami1254,0.7193877551020408,0.7069714285714286,0.009499285581330237,-1.3070800350518015
De_kwana_Maquiritari_,Cariban,maqu1238,0.7833333333333333,0.8001513888888889,0.012010224602927277,1.4003114938796815
Galibi_Carib,Cariban,gali1262,0.9467741935483871,0.9016877889067659,0.02152251752074342,-2.0948480863433776
Macushi,Cariban,macu1259,0.85,0.8542703125,0.010099954857321299,0.42280510757971373
Panare,Cariban,enap1235,0.8708333333333333,0.8390984375,0.019142754998421902,-1.6578019117911453
Pemon,Cariban,pemo1248,1.0,0.9506386160714285,0.013390142743071412,-3.686397141218902
Waimiri_Atroari,Cariban,waim1253,1.0,0.9653265625,0.009833840390161056,-3.5259304731741823
Wai_Wai,Cariban,waiw1244,0.7678571428571428,0.7784347098214286,0.0037774028917512705,2.80022207516812
Chenchu,Dravidian,chen1255,0.6555555555555556,0.7361597222222223,0.026716363207966266,3.0170336448574786
Dandami_Maria,Dravidian,dand1238,0.8571428571428571,0.8321004464285714,0.015624722491429767,-1.6027427513046442
Kodava,Dravidian,koda1255,0.7083333333333334,0.7080885416666667,0.023116951354038663,-0.010589271176708246
Koya,Dravidian,koya1251,0.8879464285714286,0.8871129464285714,0.018573108956559153,-0.04487574723255043
Kui,Dravidian,kuii1252,0.8611111111111112,0.839062251984127,0.024554898225358193,-0.8979413770981957
Kuvi,Dravidian,kuvi1243,0.875,0.883,0.03814489688225881,0.20972661230920267
Malapandaram,Dravidian,mala1468,0.5982142857142857,0.603269246031746,0.033136309827094715,0.15255049049930783
Paliyan,Dravidian,pali1274,0.6130952380952381,0.690610615079365,0.02492201188180472,3.1103177926305388
Toda,Dravidian,toda1252,0.7604166666666666,0.79568359375,0.01762286714935009,2.001202573023649
Albanian,Indo-European,alba1267,0.9226190476190476,0.9204053571428571,0.010525582291420229,-0.21031525049164482
Albanian_Tosk_,Indo-European,tosk1239,0.90625,0.9031036458333334,0.009808918002012255,-0.3207646517201166
Ancient_Greek,Indo-European,anci1242,0.8705357142857143,0.8762444196428572,0.007366140406182033,0.7749927427872296
Armenian,Indo-European,nucl1235,0.5472416472416473,0.7227329247141747,0.02562493051957513,6.848458665613474
Assamese,Indo-European,assa1263,0.775,0.7890416666666668,0.01617271453975718,0.8682318996077175
Balochi,Indo-European,balo1260,0.8660714285714286,0.8867505580357142,0.00742079639361304,2.786645579183903
Belarusian,Indo-European,bela1254,0.8541666666666666,0.8707513640873016,0.008343379167088709,1.9877674367305451
Bengali,Indo-European,beng1280,0.6281541375291375,0.8158953671328671,0.018015305376391424,10.421207172527838
Boers,Indo-European,afri1274,0.9083333333333333,0.9000885416666666,0.011817591563322464,-0.6976710628801516
Breton,Indo-European,bret1244,0.9198717948717949,0.9160232371794872,0.0022352714633950797,-1.7217406276293148
Bulgarian,Indo-European,bulg1262,0.8674242424242424,0.8659980744949495,0.01416749310221162,-0.10066480491670907
Central_Kurdish,Indo-European,cent1972,0.4916666666666667,0.7976244791666667,0.03968050939661494,7.710531370499508
Chavacano,Indo-European,chav1241,0.7,0.7380700892857143,0.018035860465381012,2.1107997236277174
Cornish,Indo-European,corn1251,0.7142857142857143,0.7168571428571429,0.04887364864106909,0.05261380402173937
Czech,Indo-European,czec1258,0.7361111111111112,0.7374111111111111,0.012166878269759759,0.10684745677377744
Danish,Indo-European,dani1285,0.8333333333333333,0.8008415629509379,0.01606068271710518,-2.02306283952615
Dari,Indo-European,dari1249,0.7563131313131313,0.8791261589105339,0.015595511901812123,7.874895570637368
Dutch,Indo-European,dutc1256,0.95,0.9498375,0.011800570843066122,-0.013770520270672961
Eastern_Armenian,Indo-European,east2283,0.8388888888888889,0.7894717757936508,0.017764356997285596,-2.7818126545638027
Eastern_Yiddish,Indo-European,east2295,0.6722222222222223,0.6792380208333333,0.009783261975709423,0.7171226354287901
English,Indo-European,stan1293,0.9166666666666667,0.9033668154761905,0.005984014577820115,-2.2225633005261174
Frisian,Indo-European,fris1239,0.9375,0.9033710565476191,0.01686828650060769,-2.023260836312652
German,Indo-European,stan1295,0.8869047619047619,0.8776153273809524,0.009074835328421111,-1.0236477233604753
Gujarati,Indo-European,guja1252,0.8065632284382285,0.8379123913412976,0.01325917320702439,2.3643376863393772
Hindi,Indo-European,hind1269,0.8725545288045289,0.9231200842560218,0.00888763164411044,5.6894297014437045
Hittite,Indo-European,hitt1242,0.5,0.5809553571428571,0.05130746881525805,1.577847416997936
Icelandic,Indo-European,icel1247,0.9166666666666666,0.8563143939393939,0.01598134424233259,-3.7764202943208667
Irish,Indo-European,iris1253,0.8420388091440723,0.8095148524720893,0.010758519747274688,-3.0230884393014934
Italian,Indo-European,ital1282,0.75,0.7797213541666667,0.01485482735577719,2.0007875860709836
Jamaican_Creole,Indo-European,jama1262,0.9545454545454546,0.8976417454827781,0.014791660202097396,-3.8470129982169134
Judeo_Tat,Indo-European,jude1256,0.7166666666666667,0.7439078124999999,0.011850748604564285,2.2986856562665925
Kashmiri,Indo-European,kash1277,0.6935606060606061,0.8602579861111112,0.017900982922356055,9.312191446332323
Kriol_Roper_River,Indo-European,krio1252,1.0,0.9862455357142857,0.00806536315163283,-1.7053744545810892
Kristang_(Malacca_Creole_Portugese),Indo-European,mala1533,0.803125,0.81613515625,0.017690719880788384,0.7354226587539082
Kumaoni,Indo-European,kuma1273,1.0,0.9748107138423638,0.018764630634327113,-1.3423811344069887
Lahnda,Indo-European,lahn1241,0.5611111111111111,0.8603203373015873,0.03697891200393077,8.091347472815613
Latin,Indo-European,lati1261,0.925,0.9153530580530581,0.008370373114781945,-1.1525103856966172
Latin,Indo-European,lati1261a,0.5552188552188553,0.7379874218374218,0.02402946022582446,7.606020480732447
Latvian,Indo-European,latv1249,0.8472222222222222,0.8374640376984127,0.011161191370226722,-0.8742959600029936
Lithuanian,Indo-European,lith1251,0.9444444444444444,0.9392203993055556,0.007834186369960134,-0.6668267631365322
Luxembourgish,Indo-European,luxe1241,0.7857142857142857,0.8228516865079365,0.009431641304489745,3.937533202834196
Macedonian,Indo-European,mace1250,0.8541666666666666,0.8455026909722222,0.012184414023506512,-0.711070362327614
Maithili,Indo-European,mait1250,0.8301282051282052,0.8949160657051282,0.011838820584691767,5.472492814081259
Marathi,Indo-European,mara1378,0.7441603535353536,0.8380689831002331,0.017354223200903043,5.41128395536557
Marwari_India_,Indo-European,marw1260,0.7054945054945055,0.840503956043956,0.02307072568643381,5.851981094328539
Middle_English,Indo-European,midd1317,0.5714285714285714,0.6624315476190477,0.030274388919314794,3.005939324919525
Middle_High_German,Indo-European,midd1343,0.5292929292929293,0.7528960678210678,0.03946971373589674,5.665182677136492
Modern_Greek,Indo-European,mode1248,0.8694444444444445,0.8716603174603175,0.007416002182710188,0.2987961655457888
Modern_Welsh,Indo-European,wels1247,0.8452380952380952,0.8674880952380952,0.009884505837540107,2.2509977095159677
Nepali,Indo-European,nepa1254,0.8222222222222222,0.9089611111111111,0.05438646759068652,1.5948616031047884
Northern_Kurdish,Indo-European,nort2641,0.45982142857142855,0.7912928943452381,0.029395215934523607,11.276374581229335
Norwegian_Bokmål,Indo-European,norw1259,0.8333333333333334,0.8413802083333334,0.008713300040504733,0.9235163442775097
Old_English_ca_450_1100_,Indo-European,olde1238,0.7678571428571429,0.86925,0.026030673508579242,3.8951299938297717
Old_Irish,Indo-European,oldi1245,0.587719298245614,0.6561535087719298,0.04679837973934482,1.4623200826070715
Old_Norse,Indo-European,oldn1244,0.8461538461538461,0.7746201923076923,0.026473181137128637,-2.7021177951987
Old_Russian,Indo-European,oldr1238,0.584577922077922,0.7462478896103896,0.03098979652450909,5.21687734879468
Old_Welsh,Indo-European,oldw1239,0.875,0.95709375,0.02516584676264204,3.2621095874217008
Oriya,Indo-European,oriy1255,0.7275474634298164,0.8207407639364992,0.010295930075325109,9.05146983564184
Ossetian,Indo-European,osse1243,0.7797459893048129,0.8286774374522536,0.017601784007828393,2.77991413402633
Panjabi,Indo-European,panj1256,0.7860790149393091,0.9019959581370427,0.014938196714486008,7.759768157646869
Pashto,Indo-European,pash1269,0.7663836367880486,0.8076562310340804,0.014239414860891024,2.898475439421897
Polish,Indo-European,poli1260,0.7364313569150029,0.8040918744181746,0.016269218705041843,4.158805578180817
Portuguese,Indo-European,port1283,0.7,0.6998375,0.018595379315353634,-0.008738730049232342
Romanian,Indo-European,roma1327,0.9166666666666667,0.9294114583333334,0.0057631930268168445,2.211411557336977
Russian,Indo-European,russ1263,0.7697368421052632,0.7827294750548246,0.010702796385537073,1.2139475032075417
Russian,Indo-European,russ1263a,0.9225490196078432,0.9282200367647059,0.008130286798835111,0.6975174796632291
Sanskrit,Indo-European,sans1269,0.6856060606060606,0.7672233721139972,0.024146593321298496,3.3800756248272124
Sardinian,Indo-European,sard1257,0.8973214285714286,0.9077108258928571,0.0075515104736932175,1.3758038683282623
Saterfriesisch,Indo-European,sate1242,0.875,0.8745104166666667,0.011060412636650169,-0.04426447271153023
Serbocroation,Indo-European,sout1528,0.7246279761904763,0.7925846540178572,0.023403811791074935,2.903658533662292
Serbs,Indo-European,serb1264,0.7958333333333334,0.7920239583333334,0.020124169199298728,-0.1892935287054111
Sindhi,Indo-European,sind1272,0.6407738095238095,0.794222693452381,0.026484917795621486,5.793821416124607
Sinhala,Indo-European,sinh1246,0.76875,0.7982781250000001,0.01677943836780874,1.7597802949501316
Slovakian,Indo-European,slov1269,0.753125,0.7692354166666666,0.014147603463612653,1.1387382116061022
Slovenian,Indo-European,slov1268,0.7222222222222222,0.7263996527777777,0.009499549067036674,0.439750405632533
Standard_Catalan,Indo-European,stan1289,0.875,0.8935877976190476,0.012104269673198137,1.5356397470394776
Standard_French,Indo-European,stan1290,0.8511904761904762,0.8499727678571428,0.010987532651846089,-0.110826367658507
Standard_Spanish,Indo-European,stan1288,0.9,0.9040471153846155,0.015900217175194447,0.2545320821736479
Swedish,Indo-European,swed1254,0.9166666666666667,0.8659020833333334,0.01677487914058675,-3.026226472804125
Tok_Pisin,Indo-European,tokp1240,0.7595238095238095,0.8269598214285714,0.0168270277758588,4.007600914613702
Torres_Strait_Creole_(Broken),Indo-European,torr1261,0.7985294117647059,0.8151672487745097,0.012539520075304088,1.3268320406114378
Ukrainian,Indo-European,ukra1253,0.7420621657754011,0.7891435703542781,0.011286575371233867,4.171451749560237
Urdu,Indo-European,urdu1245,0.7276327838827839,0.8519791132478632,0.014427474688261388,8.618717554656406
Vlax_Romani,Indo-European,vlax1238,0.9545454545454546,0.9415571022727273,0.010015915094181175,-1.2967714033711215
Wallon,Indo-European,wall1255,0.9732142857142857,0.9722157738095238,0.00666399442107095,-0.14983684584198503
Western_Armenian,Indo-European,homs1234,0.825,0.7795548878205129,0.018233580279000523,-2.49238555917764
Western_Farsi,Indo-European,west2369,0.707090132090132,0.8541281371406372,0.015696172188090312,9.367761979705616
Western_Panjabi,Indo-European,west2386,0.9230769230769231,0.9171532585470086,0.009166392941729318,-0.6462372459451866
Aghul,Nakh-Daghestanian,aghu1253,0.75,0.800234375,0.009705470909059913,5.175882290585922
Akhvakh_Northern_Akhvakh_,Nakh-Daghestanian,akhv1239,0.8795454545454546,0.8086891233766234,0.012691381075902152,-5.583027626786042
Andi,Nakh-Daghestanian,andi1255,0.927156432748538,0.8555309908293461,0.016344996034634476,-4.3821021288362525
Archi,Nakh-Daghestanian,arch1244,0.9125,0.8551751149891775,0.013806084144656975,-4.152146576117129
Avar_Ancux_,Nakh-Daghestanian,ancu1238,0.8071428571428572,0.7817476866883117,0.011440807816093823,-2.219700816827108
Avar_Andalal_,Nakh-Daghestanian,anda1281,0.927156432748538,0.8562928362573099,0.016287058180315714,-4.350914431979664
Avar,Nakh-Daghestanian,avar1256,0.775,0.7510360795454545,0.007389219912746561,-3.243092063508256
Avar_Batlux_,Nakh-Daghestanian,batl1238,0.75,0.7615326704545454,0.012486694343390383,0.9235967612717327
Avar_Hid_dialect_,Nakh-Daghestanian,hidd1238,0.8452991452991453,0.8104983173076923,0.006880297874085472,-5.058040891300616
Avaz_Khunzakh_,Nakh-Daghestanian,kunz1243,0.9291666666666667,0.8977502003205128,0.007029911891790137,-4.468970142121346
Bahvalal,Nakh-Daghestanian,bagv1239,0.7840909090909092,0.7469495738636364,0.009022782474308889,-4.116394840840679
Bats_Tsova_Tush_,Nakh-Daghestanian,bats1242,0.95,0.9253513507326008,0.016419697251081285,-1.5011634435449774
Bezhta,Nakh-Daghestanian,bezh1248,0.9821428571428571,0.9130220238095238,0.014010650199705295,-4.93344936516845
Budukh,Nakh-Daghestanian,budu1248,0.9,0.8983753156565657,0.008948636637928348,-0.18155663361591648
Chamalal,Nakh-Daghestanian,cham1309,1.0,0.9278971067994506,0.013027224269011008,-5.534785592972928
Chamalal_Gigatli_,Nakh-Daghestanian,giga1238,0.8333333333333333,0.8165895833333333,0.013750030175344291,-1.2177246003447912
Dargwa_Chirag_,Nakh-Daghestanian,chir1284,0.4444444444444444,0.5497673611111111,0.01849573140007436,5.6944445390379785
Dargwa_Itsari_,Nakh-Daghestanian,itsa1239,0.8666666666666667,0.8450971590909091,0.015392255423688278,-1.4013220923142096
Godoberi,Nakh-Daghestanian,ghod1238,0.8636363636363636,0.7922554632867133,0.012731090098435293,-5.606817625022025
Hinuq,Nakh-Daghestanian,hinu1240,0.8940972222222222,0.8233584781104313,0.012038834053385471,-5.87587998954918
Hunzib,Nakh-Daghestanian,hunz1247,0.9285714285714286,0.8596768973214286,0.011633390731170637,-5.922136790729742
Ingush,Nakh-Daghestanian,ingu1240,0.763157894736842,0.775816342940685,0.0077874234780521585,1.6254988879851184
Inxokvari,Nakh-Daghestanian,inxo1238,0.9615384615384616,0.8866155354449472,0.014879400179767998,-5.035345859935234
Rutul,Nakh-Daghestanian,shin1265,0.65625,0.6584315301452021,0.011919699987920859,0.18301888029168273
East_Kewa,Nuclear Trans New Guinea,east2516,0.9,0.8896041666666666,0.012186006695215728,-0.8530959807707003
Erave_(South_Kewa),Nuclear Trans New Guinea,erav1244,0.9,0.856075,0.01189609776952687,-3.692387272784407
Kalam,Nuclear Trans New Guinea,kala1397,0.8892857142857142,0.856600037202381,0.015443445021900313,-2.116475762822464
Komba,Nuclear Trans New Guinea,komb1273,0.85,0.8994770833333333,0.018782296060520055,2.6342404130948083
Kyaka,Nuclear Trans New Guinea,kyak1244,0.7835802218614719,0.7693284308123668,0.005154011324796395,-2.7651842712371475
Proto_Sogeram,Nuclear Trans New Guinea,soge1235,0.925,0.8854604166666666,0.019825532223454203,-1.994376891761669
West_Kewa,Nuclear Trans New Guinea,west2599,0.8166666666666667,0.8321541666666668,0.010266401158280475,1.5085617404993463
Adang,Other,adan1251,0.7109499629787595,0.7411020482549914,0.008891996405826516,3.390924141228245
Aguaruna,Other,agua1253,0.7335164835164836,0.7290096153846154,0.015396514151732158,-0.29272003308366673
Amanab,Other,aman1265,0.7169056637806638,0.7836721049783549,0.017154018169872505,3.8921750307430965
ASF_Auslan,Other,aust1271,0.10784313725490197,0.10737950131975867,0.0007231318399675878,-0.6411499390817601
Atsugewi,Other,atsu1245,0.8928571428571428,0.8807316964285714,0.008807072511399854,-1.3767851250090464
Au,Other,auuu1241,1.0,0.9648048735119048,0.014194581183313671,-2.4794762193807136
Awiakay,Other,awia1234,0.8382218567251462,0.8345877832602339,0.010483492103700025,-0.3466472267985672
Ayoreo,Other,ayor1240,0.7236111111111111,0.7206369791666667,0.008740892239839652,-0.3402549605735629
Bari,Other,bari1297,0.6469017094017094,0.6654825721153846,0.007614020220969609,2.440348485351018
Basque,Other,basq1248,0.9226715686274509,0.8792472579656863,0.0099835086852007,-4.349604135281192
Basque,Other,west1508,0.8818181818181818,0.8756566662504163,0.008296529897807733,-0.7426617686743557
Bilua,Other,bilu1245,1.0,0.9506041666666667,0.013962735362820047,-3.5376902913210304
Blagar,Other,blag1240,0.7527777777777778,0.7572356481481481,0.01642081666127013,0.27147677623638755
Buin,Other,buin1247,0.864010989010989,0.8978987522893773,0.009990474014766762,3.3920075492213186
Chimariko,Other,chim1301,0.6785714285714286,0.6784151785714285,0.026721459904149387,-0.005847360157736628
Chiricahua,Other,mesc1238,0.6666666666666666,0.6831944444444444,0.0090678997723613,1.8226687758673736
Cocopa,Other,coco1261,0.7658163265306123,0.7793662414965986,0.012440044495392556,1.0892175643748583
Copper_Inuit,Other,copp1244,1.0,1.0,0.0,0.0
Cubeo,Other,cube1242,0.7604166666666666,0.7225907118055556,0.01683959269639244,-2.2462511738312143
Cusco_Quechua,Other,cusc1236,0.8058608058608059,0.8305797619047619,0.023260464868536414,1.0627025806948704
Daribi,Other,dadi1250,0.6527777777777778,0.6707039930555555,0.0205827930690762,0.8709321041909633
DeneTha_South_Slavey_,Other,sout2959,0.8809523809523809,0.8474621076839827,0.010468441496095843,-3.1991651556622163
Dene_Suliné,Other,chip1261,0.6388888888888888,0.6550248015873016,0.0037603023920689126,4.291121036554401
Doutai,Other,dout1240,0.7604166666666666,0.7806901041666666,0.03073601586331388,0.6595987453337474
Duna,Other,duna1248,0.71875,0.7011510416666666,0.017604400657733398,-0.999690854320698
Délįne,Other,nort2942,0.83125,0.7985643229166667,0.005950845983902277,-5.492610155220263
Edopi,Other,edop1238,0.8645833333333334,0.8379430803571428,0.018912852583015075,-1.4085793171208432
Eipo,Other,eipo1242,0.8046875,0.8525611222641469,0.02820341913751815,1.6974403717052202
Ende_(Papua_New_Guinea),Other,ende1235,0.764520202020202,0.7611751240079365,0.014009789996144908,-0.23876717732285332
Galeia_A,Other,gale1259,0.89,0.90007,0.016555129032940135,0.6082707045027257
Gimi,Other,gimi1243,0.9,0.945224254550305,0.0365151142011184,1.2385078217534327
Gui_(Gwi),Other,gwii1239,0.8772646761133603,0.8785680022773279,0.004528578477528622,0.2878002822375331
Gününa_Küne,Other,puel1244,0.8317099567099567,0.8117005411255411,0.010133899427163657,-1.9745030753690802
Hewa,Other,hewa1241,0.7270833333333333,0.7743286458333333,0.014666396957557224,3.2213305446949363
Huli,Other,huli1244,0.7080627705627706,0.6884820413961039,0.013258635715741832,-1.4768283544753145
Iau,Other,iauu1242,0.9043526785714285,0.9041081721230159,0.016688851614666635,-0.014650885157238403
Inanwatan_(Suabo),Other,inan1242,0.75,0.7737006696428571,0.014598539050882679,1.6234959923215113
Isirawa,Other,isir1237,0.660145121082621,0.7373437343906094,0.01429341280577077,5.400992356200648
Japanese,Other,nucl1643,0.8,0.8221416666666667,0.00844921102498468,2.620560263105366
Jicarilla,Other,jica1244,0.7308035714285714,0.7103576264880952,0.020864438754922072,-0.9799422443439989
Kalamang,Other,kara1499,0.7361111111111112,0.7408292658730159,0.01094169084333509,0.43120892643194214
Kamang,Other,kama1365,0.6638403263403263,0.6618681490384616,0.0046429520402224,-0.4247679676161917
Kamano,Other,kama1370,0.9523809523809523,0.9696173995026639,0.017021261832221798,1.0126421467227784
Kashaya,Other,kash1280,0.6484375,0.6000042782738095,0.01919851336366542,-2.522758966215262
Kemiju_(Jate),Other,keya1238,0.9047619047619048,0.9740252084861057,0.01624629257834321,4.263329826801901
Kemtuik,Other,kemt1242,0.7565972222222223,0.827507242063492,0.02309240459197144,3.0707074942694845
Ket,Other,kett1243,1.0,0.980225,0.009599322410500682,-2.0600412356572324
Kimaama,Other,kima1246,0.7604166666666666,0.7617916666666666,0.007228812722774772,0.19021104194164584
Koiari,Other,gras1249,0.7845695970695971,0.763291237408425,0.007244988557659099,-2.9369762963500463
Komnzo,Other,komn1238,0.8017857142857143,0.8560274553571429,0.015351338925213268,3.5333557115556284
Korafe,Other,kora1295,0.7962454212454212,0.8265333676739927,0.01525583860220008,1.9853347441813898
Kuman,Other,kuma1280,1.0,0.9504899766899767,0.0118266562733869,-4.186307791952483
Kuot,Other,kuot1243,0.9183673469387755,0.8551336734693877,0.02147975297210751,-2.9438734026177933
Kwoma,Other,kwom1262,0.7039606227106227,0.7932758108211233,0.02279427416832227,3.9183168304005065
Lardil,Other,lard1243,0.9583333333333334,0.9043989583333334,0.019173347654294105,-2.8129868592833196
Lengua,Other,leng1262,0.5758928571428571,0.5758928571428571,0.0,0.0
Limilngan,Other,limi1242,0.5678571428571428,0.6969964285714285,0.11230422412631573,1.149905862570534
Lipan_Apache,Other,lipa1241,0.7001488095238095,0.6828240327380952,0.018134399104920883,-0.9553543343497456
Madole,Other,modo1249,0.7678571428571428,0.7832646103896104,0.005280237647757462,2.917949637931768
Mairasi,Other,nucl1594,0.8645833333333334,0.8647447916666666,0.010843311427166795,0.014890131526494384
Mapudungun,Other,mapu1245,0.6741071428571428,0.7118329274891775,0.03101048625163409,1.216549277102894
Marind,Other,nucl1622,0.8333333333333334,0.8026287202380953,0.011004493369844699,-2.7901887041321745
Marra,Other,mara1385,1.0,0.955296501068376,0.012277691044865608,-3.6410346838234258
Maybrat,Other,maib1239,0.5734375,0.5311520833333333,0.013733985835932494,-3.0788889090037204
Meriam,Other,meri1244,0.9117216117216117,0.9381151098901099,0.008173643195272598,3.2290984005471977
Midob,Other,mido1240,0.5,0.74556015625,0.022688246173734276,10.823232186817512
Mocoví,Other,moco1246,0.7840909090909092,0.7663288352272728,0.008731479889537975,-2.034256974572984
Momu-Fas,Other,fass1245,0.6793154761904762,0.7927008116883116,0.04315036530611065,2.6276796197083097
Murrinhpatha,Other,murr1258,0.875,0.8664366071428571,0.014405082072688735,-0.5944702580611221
Nama,Other,nama1266,0.8416666666666667,0.853859375,0.016900828002275797,0.721426685822226
Navajo,Other,nava1243,0.9,0.9006055194805195,0.014312578894235047,0.04230680473407578
Netsilik,Other,nets1241,0.8276785714285714,0.8064277901785715,0.01787790398597161,-1.1886617842155836
Nimboran,Other,nucl1633,0.8525064192343604,0.8423439743084734,0.013413470658841771,-0.7576297875738996
Ninam,Other,nina1238,0.5714285714285714,0.5601640625,0.00565618514890114,-1.9915382244444155
Nivacle,Other,niva1238,0.875,0.8634864583333334,0.005330112629094546,-2.160093504182198
Northeastern_Maidu,Other,nort2952,0.7035714285714286,0.6868383928571429,0.01513863971131464,-1.1053196346154837
Northern_Embera,Other,nort2972,0.875,0.8697088854772679,0.0025047887028487653,-2.112399547600319
Northern_Pomo,Other,nort2966,0.8460978835978836,0.8198996362433862,0.02142070639169918,-1.223033772810105
Northwestern_Maidu,Other,nort2951,0.8357142857142857,0.8108732142857142,0.026388571108133283,-0.9413572006903844
Nunamiut,Other,nort2944,0.5866071428571429,0.586989595734127,0.009469557646546075,0.04038761801335307
Nyulnyul,Other,nyul1247,0.7904858299595141,0.7907674476178491,0.007273299197684777,0.03871938314109963
Onobasulu,Other,onob1238,0.6958333333333333,0.6841630208333334,0.011829605581049006,-0.9865343709088453
Pagu,Other,pagu1249,0.8913043478260869,0.875911037784679,0.004213713279006361,-3.6531460548349832
Pilagá,Other,pila1245,0.6527777777777778,0.6606426949786325,0.0029119392655562533,2.700920755417025
Pumé,Other,pume1238,0.6741071428571428,0.6619341889880952,0.007514768985557832,-1.619870669669559
Páez,Other,paez1247,0.8636363636363636,0.8636363636363636,0.0,0.0
Qawasquar,Other,qawa1238,0.4444444444444444,0.5377907986111111,0.037780124573669034,2.470779416956309
Quechan,Other,quec1382,0.8359848484848486,0.8379479797979799,0.01714594459198835,0.11449537251208676
Rotokas,Other,roto1249,0.7097470238095238,0.7393103050595238,0.017677081197854612,1.6724073911923834
Sanapana,Other,sana1298,0.53125,0.5524900173611111,0.011017428909672992,1.9278560846862378
Savosavo,Other,savo1255,0.8857142857142857,0.8831419642857142,0.008989705354801217,-0.28614079405813014
Selk_nam,Other,onaa1245,0.8333333333333334,0.8390729166666667,0.01378298509552344,0.41642527315780864
Seri,Other,seri1257,0.9090909090909091,0.8733039772727272,0.012603396597176094,-2.839467245377346
Shasta,Other,shas1239,0.7578231292517007,0.7650437074829932,0.013797410605309316,0.5233285025607632
Sion,Other,sion1247,0.8944444444444444,0.9037513888888888,0.005480864522122449,1.6980796381444543
Siwai_Motuna,Other,siwa1245,1.0,0.9785138888888889,0.008485395132644106,-2.5321285308744224
Tabla,Other,tabl1243,0.875,0.8712604166666666,0.02043889353729186,-0.18296407907357023
Tehuelche,Other,tehu1242,0.8392857142857143,0.8716540178571428,0.009260490807982958,3.495311883850214
Teiwa,Other,teiw1235,0.7957188644688644,0.813926164720696,0.008389094589283464,2.17035343421807
Telefol,Other,tele1256,0.8660714285714286,0.8741150855654762,0.016335695847322338,0.4923975733403549
Toba,Other,toba1269,0.8333333333333333,0.811719456845238,0.010443893587736884,-2.0695228562529597
Touo,Other,touo1238,0.4660714285714286,0.5349803695436508,0.026313093604904633,2.618808035531707
Tucanoan_Bará,Other,waim1255,0.6844551282051282,0.8108795386904762,0.03271505788219951,3.864410417385703
Tucano,Other,tuca1252,0.7647930194805195,0.683221780996781,0.022291434658300135,-3.659308596962185
Tuyuca,Other,tuyu1244,0.5714285714285714,0.5878894345238095,0.014939805914940152,1.1018123788861838
Tzeltal,Other,tzel1254,0.8019607843137255,0.8152754901960784,0.022190679106231764,0.6000134479261474
Umbu-Ungu,Other,umbu1258,0.8875,0.9556223217688109,0.015508651262681979,4.392536824445316
Usurufa,Other,usar1243,1.0,0.9867739963083277,0.014272647273407605,-0.9266678730521547
Wailaki,Other,wail1244,0.8277777777777778,0.8488805555555555,0.04411963453746666,0.4783080820820736
Wambaya,Other,wamb1258,0.7291172282866635,0.7324412078785002,0.023900687076402694,0.13907464589662405
Waorani,Other,waor1240,0.625,0.6532505208333333,0.009301401673591612,3.0372326477999296
Western_Apache,Other,west2615,0.6863095238095238,0.6241683035714285,0.02394745091529951,-2.59489915890775
Western_Pantar,Other,lamm1241,0.8824404761904762,0.7927030753968254,0.020326486703463414,-4.41480134283907
Xibe,Other,xibe1242,0.9017663371111647,0.8652872423194622,0.012760271963888048,-2.8588022962942685
Yamana,Other,yama1264,0.8535353535353536,0.8244670646194083,0.01123490977029696,-2.5873184128987385
Yawa,Other,nucl1454,0.7143759018759018,0.7343077380952381,0.012034854784604393,1.6561758804795954
Yele_(Yélî_Dnye),Other,yele1255,0.8719457013574661,0.8890493487619406,0.011250595597673479,1.5202437289641308
Yucatec_Maya,Other,yuca1254,0.9523809523809523,0.8663785714285714,0.04627004649653056,-1.858705306441167
Yukulta_(Ganggalida),Other,gang1267a,0.7777777777777778,0.665627447089947,0.04596446279895059,-2.439935634152375
Adnyamathanha,Pama-Nyungan,adny1235,0.6666666666666666,0.6813735119047619,0.03277944102790267,0.4486606475557792
Alyawarr,Pama-Nyungan,alya1239,0.3715277777777778,0.49429613095238095,0.03474063188733302,3.5338549273586017
Arabana,Pama-Nyungan,arab1267,0.8785714285714286,0.8594491071428572,0.017089795868459986,-1.1189321145644888
Bandjalang,Pama-Nyungan,band1339,0.7863095238095238,0.7853321428571429,0.011913821999887686,-0.08203756547563683
Biri,Pama-Nyungan,biri1256,0.8518518518518519,0.830250925925926,0.023066082962731237,-0.9364800239740461
Bunganditj,Pama-Nyungan,bung1264,0.75015664160401,0.7765988141938471,0.014077477333589212,1.8783317467502136
Dhuwal-Dhuwala_(Yolngu),Pama-Nyungan,dhuw1248,0.7833333333333333,0.8282646367521368,0.01852515449894574,2.425421252025752
Dhuwal,Pama-Nyungan,dhuw1249,0.7777777777777778,0.7898315972222222,0.007815782107262978,1.5422409784483537
Diyari,Pama-Nyungan,dier1241,0.7583333333333333,0.8134701388888889,0.02886565211448859,1.9101181340670506
Diyari,Pama-Nyungan,dier1241a,0.7858070500927644,0.7716045222634509,0.02441387564040254,-0.581739992392267
Djambarrpuyngu,Pama-Nyungan,djam1256,0.8636363636363636,0.8351556186868687,0.03663367292524119,-0.7774471592738177
Djinang,Pama-Nyungan,djin1253,0.90625,0.8876575950091575,0.016303136931226227,-1.1404188696490363
Djinang,Pama-Nyungan,djin1253a,0.7954545454545454,0.7990898444852249,0.013681293852996107,0.2657131021188753
Duungidjawu,Pama-Nyungan,duun1241,0.7,0.81955,0.03863943301293821,3.093989499275762
Dyirbal,Pama-Nyungan,dyir1250,0.5804560023310024,0.5720760853729604,0.023222090402180685,-0.36085971645580384
Gumatj,Pama-Nyungan,guma1253,0.7535714285714286,0.7671794642857143,0.01913987619733654,0.7109782515823884
Gumbaynggir,Pama-Nyungan,kumb1268,0.9,0.8505875,0.020177377273495438,-2.448905986652049
Gupapuyngu,Pama-Nyungan,gupa1247,0.9005102040816326,0.8541036989795918,0.028373885364357233,-1.635535793075975
Gurindji,Pama-Nyungan,guri1247,0.8375,0.8381522569444445,0.021248648091531316,0.030696397325364097
Guugu_Yimidhirr,Pama-Nyungan,gugu1255,0.8380952380952381,0.8536536458333334,0.025373191094617498,0.613182933123288
Guugu_Yimidhirr,Pama-Nyungan,gugu1255a,0.7480654761904761,0.782823474702381,0.02992374443410194,1.1615524450306984
Jaru,Pama-Nyungan,jaru1254,0.7896825396825397,0.6868740079365079,0.029773138067200736,-3.4530633456904467
Kala_Lagaw_Ya,Pama-Nyungan,kala1377,0.7964285714285715,0.7948098214285715,0.010849597045178646,-0.14919908944630747
Kalkatungu,Pama-Nyungan,kalk1246,0.8405257936507936,0.8394983258928571,0.011257323459537023,-0.09127105227362384
Karajarri,Pama-Nyungan,kara1476,0.6714285714285714,0.6247449404761904,0.026969104092322404,-1.7310041443190127
Kariyarra,Pama-Nyungan,kari1304,0.6946428571428571,0.7510131324404762,0.024872209895099175,2.266395930854792
Kartujarra,Pama-Nyungan,kart1247,0.7513888888888889,0.7850569444444444,0.026476210133850677,1.2716342477018583
Kaurna,Pama-Nyungan,kaur1267,0.7195767195767195,0.7258416005291005,0.032823682095859646,0.19086466088980392
Kukatja,Pama-Nyungan,kuka1246,0.7172619047619048,0.74392545995671,0.008707734654644856,3.062054168196597
Kuku-Yalanji,Pama-Nyungan,kuku1273,0.7053571428571428,0.7631082589285714,0.011709791481470461,4.931865453181961
Kunjen,Pama-Nyungan,kunj1248,0.38095238095238093,0.31263095238095234,0.03502516716444413,-1.950638186840268
Kuuku_Ya'u,Pama-Nyungan,kuuk1238,0.8095238095238095,0.8192065476190477,0.02955167726101227,0.3276544342886629
MartuWangka,Pama-Nyungan,mart1256,0.7607142857142857,0.7484146205357143,0.016920565217404576,-0.7269062835986058
Mudburra,Pama-Nyungan,mudb1240,0.7777777777777778,0.8105720486111111,0.015144187021012659,2.1654692185081337
Muruwari,Pama-Nyungan,muru1266,0.8154761904761905,0.8190886243386243,0.029894414945932687,0.12083975782658059
Ngaanyatjarra,Pama-Nyungan,ngaa1240,0.8125,0.8144233630952381,0.00867045588100191,0.22182952334172457
Ngarinyman,Pama-Nyungan,ngar1235,0.7222222222222222,0.7415605158730159,0.009038345584973132,2.1395833417727337
Ngarrindjeri,Pama-Nyungan,narr1259,0.7946428571428572,0.791015625,0.01088456421761,-0.33324550899233546
Ngiyambaa,Pama-Nyungan,wang1291,0.5833333333333333,0.6308296130952381,0.012834682993583164,3.7006196246257983
Nhanta,Pama-Nyungan,nhan1238,0.7518518518518519,0.7756643518518519,0.018369937522921046,1.296275502858299
Nyamal,Pama-Nyungan,nyam1271,0.9142857142857143,0.8763764136904761,0.023763822078243256,-1.595252668969678
Nyangumarta,Pama-Nyungan,nyan1301,0.7,0.7310991477272728,0.030842329772327426,1.0083268014070663
Paakantyi,Pama-Nyungan,darl1243,0.875,0.777828125,0.032763862523889936,-2.9658247689553288
Payungu,Pama-Nyungan,bayu1240,0.7857142857142857,0.8315208333333334,0.02482358508936708,1.8452833244730806
PintupiLuritja,Pama-Nyungan,pint1250,0.8194444444444444,0.8253906249999999,0.017837385230234343,0.3333549440574253
Pitjantjatjara,Pama-Nyungan,pitj1243,0.7339297956945016,0.7275654291786645,0.019925947271197834,-0.3194009513934873
Pitta_Pitta,Pama-Nyungan,pitt1247,0.7559523809523809,0.7496450148809524,0.016176116878828962,-0.38991842842601765
Ritharrngu,Pama-Nyungan,rita1239,0.6203703703703703,0.7808520833333333,0.024495268014542403,6.551539377633585
Thayore_(Kuuk_Thaayorre),Pama-Nyungan,thay1249,0.7815634037015616,0.7524316979447818,0.02518289604475672,-1.156805226253764
Umpila,Pama-Nyungan,umpi1239,0.8809523809523809,0.8528535714285714,0.01942367246457773,-1.4466270256076605
Wajarri,Pama-Nyungan,waja1257,1.0,0.916875,0.029150723751749378,-2.8515587025523352
Wakaya,Pama-Nyungan,waga1260,0.8854166666666666,0.8021892361111111,0.051304538067126,-1.6222235632774258
Wangkajunga,Pama-Nyungan,wang1288,0.7510822510822511,0.7564245197510823,0.019330787386882684,0.2763606345624726
Wangkangurru,Pama-Nyungan,wang1290,0.925,0.8867951298701299,0.016077570425956235,-2.3762837989619867
Warlmanpa,Pama-Nyungan,warl1255,0.8035714285714286,0.8413191964285714,0.012412701878375594,3.0410597327648667
Warlpiri,Pama-Nyungan,warl1254,0.7524801587301587,0.768518787202381,0.013454301040587605,1.1920818795297141
Warlpiri,Pama-Nyungan,warl1254a,0.8403689600840336,0.7957489003413866,0.015139070307375603,-2.9473447732724116
Warnman,Pama-Nyungan,wanm1242,0.8444444444444444,0.8444444444444444,0.008523542442891673,0.0
Warumungu,Pama-Nyungan,waru1265,0.8035714285714286,0.8379296875,0.013978528193062459,2.4579310821595195
WikMungkan,Pama-Nyungan,wikm1247,0.7797619047619048,0.7475934523809524,0.0403589531278716,-0.7970586422058862
Wiradjuri,Pama-Nyungan,wira1262,0.8181818181818181,0.8159537337662338,0.01334008156351869,-0.16702179855312746
Wirangu,Pama-Nyungan,wira1265,0.748015873015873,0.8176996031746032,0.024809072975385545,2.8088002412612227
Wulguru,Pama-Nyungan,wulg1239,0.8303571428571428,0.8284101562499999,0.010466431513032096,-0.18602200804721444
Yalarnnga,Pama-Nyungan,yala1262,0.9375,0.9056832837301587,0.008672021359313708,-3.668892747325892
Yalarnnga,Pama-Nyungan,yala1262a,0.87,0.8486847222222222,0.02158979182412737,-0.9872850072577893
Yandruwandha,Pama-Nyungan,yand1253,0.7,0.6721208333333333,0.024740546262190206,-1.1268614027845083
Yanyuwa,Pama-Nyungan,yany1243,0.8125,0.7443809523809524,0.026771966192856062,-2.544417064041594
Yarluyandi,Pama-Nyungan,ngam1265,0.625,0.693733878968254,0.023255978048274943,2.955535941149225
Yidiny,Pama-Nyungan,yidi1250,0.75,0.7432491319444444,0.03193138960765227,-0.21141792256788453
Yindjibarndi,Pama-Nyungan,yind1247,0.7916666666666666,0.8013159722222222,0.027143200452058452,0.35549623459468543
Yir-Yoront,Pama-Nyungan,yiry1245,0.7321428571428571,0.7557745535714285,0.04337991521993019,0.5447612405133111
Yugambal_(Yugambeh),Pama-Nyungan,yuga1244,0.8215811965811965,0.7692551744407213,0.016413062224964855,-3.1880718797791103
Yugambeh,Pama-Nyungan,yugu1249,0.8055555555555556,0.7889779265873016,0.014784415627793361,-1.1212907825108454
Yulparija,Pama-Nyungan,yulp1239,0.7958333333333334,0.7560259424603175,0.033347127083072574,-1.1937277467366183
Yuwaalaraay,Pama-Nyungan,gami1243,0.9285714285714286,0.8463415178571428,0.020418054783635904,-4.0273136489078825
Shipibo,Pano-Tacanan,ship1254,0.8715277777777778,0.8649508680555555,0.017307873299460274,-0.3799952546698698
Manange,Sino-Tibetan,mana1288,0.797979797979798,0.7845460542929293,0.013721833951362679,-0.9790049737145086
Aché,Tupian,ache1246,1.0,0.9784796875,0.009238383413736022,-2.3294456980430853
Araweté,Tupian,araw1273,0.8750793650793651,0.8727442063492064,0.010868594805849284,-0.2148537848611331
Awetí,Tupian,awet1244,0.625,0.6815687003968254,0.041531385286133204,1.3620711181939058
Chiriguano,Tupian,east2555,0.7618055555555555,0.7557621527777778,0.014785728782890245,-0.4087321542629007
Cinta_Larga,Tupian,cint1239,0.7666666666666667,0.8433076388888889,0.03424376469420391,2.23810007184153
Cocama_Cocamilla,Tupian,coca1259,0.825,0.8098244791666667,0.012872183168067207,-1.1789391616940403
Emerillon,Tupian,emer1243,0.9087301587301587,0.9211186507936507,0.019726086687823864,0.6280258350045144
Guajá,Tupian,guaj1256,0.8088541666666667,0.7975452132936508,0.0368600795654733,-0.30680762240157794
Jurúna,Tupian,juru1256,0.7771428571428571,0.7553857142857143,0.024979739792450023,-0.8709915730875137
Kamayurá,Tupian,kama1373,1.0,0.9632265625,0.014507892943588372,-2.534719386404876
Karitiana,Tupian,kari1311,0.6964285714285714,0.740872619047619,0.05896807865809397,0.7536967225393435
Kayabí,Tupian,kaya1329,0.7954545454545455,0.7741323322510822,0.01405275798327753,-1.5172974037435385
Mbyá_Guaraní,Tupian,mbya1239,0.875,0.875,0.0,0.0
Mundurukú,Tupian,mund1330,0.8252314814814815,0.8527126984126984,0.02719381729314149,1.0105685654565257
Paraguayan_Guaraní,Tupian,para1311,0.6023771367521368,0.6141196986607143,0.016595647879488234,0.7075687550041936
Parakanã,Tupian,para1312,0.41666666666666663,0.4340972222222222,0.03766472649764531,0.46278194948913987
Pauserna,Tupian,paus1244,0.6966666666666667,0.6765295833333334,0.017936984385518835,-1.1226571256643725
Sateré_Mawé,Tupian,sate1243,0.5,0.6732458333333333,0.1400206179976244,1.2372880209418344
Sirionó,Tupian,siri1273,0.7571428571428571,0.8716714285714285,0.029560729253742726,3.8743486483531457
Suruí,Tupian,suru1262,0.875,0.8724240327380952,0.01578443423149129,-0.16319667997763987
Tenharim,Tupian,tenh1241,0.7140151515151515,0.7524459517045454,0.013965726062918309,2.7517939286690654
Tocantins_Asurini,Tupian,toca1235,0.5902777777777778,0.6858142361111111,0.018404243332702065,5.19100169489592
Tupinambá,Tupian,tupi1273,0.5555555555555556,0.6772892857142857,0.04186991708575869,2.90742706534128
Tupí,Tupian,tupi1274,0.6532738095238095,0.6604700520833333,0.01096971055426966,0.6560102496708848
Wayampi,Tupian,waya1270,0.8333333333333334,0.8593520238095238,0.03645200056452843,0.7137794928465274
Kumyk,Turkic,kumy1244,0.8333333333333333,0.8430947916666667,0.002307981002634771,4.229436170483995
Nogai,Turkic,noga1249,1.0,0.9713677083333333,0.006848953308106649,-4.1805353867395425
North_Azerbaijani,Turkic,nort2697,0.8214285714285714,0.8336891369047619,0.0170354786995055,0.7197077166106506
Turkish,Turkic,nucl1301,0.95,0.9232989583333333,0.013446255946463209,-1.9857603315731818
ErzyaMordvin,Uralic,erzy1239,1.0,0.9611020629297603,0.02353667384360217,-1.6526522536153971
ForestEnets,Uralic,fore1265,1.0,0.9633448500363931,0.02168797995144616,-1.6901136042023444
HillMari,Uralic,west2392,1.0,0.9661528304838148,0.027927298293593212,-1.2119743614422605
Ingrian,Uralic,ingr1248,0.8214285714285714,0.8363995535714286,0.009653388842238774,1.5508524920648679
KazymKhanty,Uralic,nort2672,0.9765625,0.9398356026785715,0.022268456875603967,-1.649278956624264
Kazym_Berezover_Suryskarer_Khanty,Uralic,khan1273,1.0,0.986328125,0.008111970055507187,-1.6853951514180225
KomiZyrian,Uralic,komi1268,1.0,1.0,0.0,0.0
Mansi,Uralic,mans1258,0.875,0.8643125,0.02403571793331548,-0.4446507497571441
MeadowMari,Uralic,gras1239,1.0,0.96172265625,0.01932887130426567,-1.980319654854996
MokshaMordvin,Uralic,moks1248,1.0,0.9593222267401336,0.02398346122815203,-1.6960760114190045
Nganasan,Uralic,ngan1291,1.0,0.9661520833333334,0.019782056394593354,-1.7110413594775535
Northern_Sami,Uralic,nort2671,0.7023809523809523,0.829166059981685,0.03326163009148543,3.8117526787476397
SkoltSaami,Uralic,skol1241,1.0,1.0,0.0,0.0
SosvaMansi,Uralic,nort2677,1.0,0.9634612817535921,0.03166483588950725,-1.1539209732179811
SouthSaami,Uralic,sout2674,1.0,0.9871706646699391,0.008721508531839834,-1.4709995734366983
TundraNenets,Uralic,nene1249,1.0,0.9564671187698718,0.01925843069672326,-2.2604583891425354
Cahuilla,Uto-Aztecan,cahu1264,0.9233333333333333,0.8805461904761904,0.033213451804548454,-1.2882473977391107
Chemehuevi,Uto-Aztecan,chem1251,0.8500000000000001,0.8285833333333333,0.029082353468783833,-0.7364144958094533
Comanche,Uto-Aztecan,coma1245,0.7777777777777778,0.7512340277777778,0.02401389539602171,-1.1053496137239516
Cupeño,Uto-Aztecan,cupe1243,0.7801587301587302,0.7500330853174603,0.019415824880816567,-1.5516026244671663
Gabrielino,Uto-Aztecan,tong1329,0.925,0.9198531249999999,0.03184960159454283,-0.16159935265507314
Luiseńo,Uto-Aztecan,luis1253,0.9166666666666666,0.8543541666666666,0.03216744487583033,-1.9371293007738943
Opata,Uto-Aztecan,opat1246,0.7913690476190476,0.7898245659722222,0.014877791476187698,-0.1038112174980673
Serrano,Uto-Aztecan,serr1255,0.95,0.9241969696969697,0.02740717291906908,-0.9414699713547342
Southeastern_Tepehuano,Uto-Aztecan,sout2976,0.8531746031746031,0.8495708333333334,0.015118126043605944,-0.2383741100500966
Southern_Paiute,Uto-Aztecan,sout2969,0.4375,0.550354761904762,0.08620149064550169,1.3091973359123243
Tarahumara,Uto-Aztecan,cent2131,0.8354166666666667,0.9067247023809524,0.0328127858065099,2.173178349890015
Tümpisha_Shoshoni,Uto-Aztecan,pana1305,0.7876984126984127,0.7936762716450216,0.03235723138342807,0.18474568716254733
